,Country,League_name,League_tier,Goals_per_match,Foreign_per_Club,Players_per_club,Value_per_club
0,Albania,Kategoria Superiore,1,2.02,13.1,26.8,4841000.0
1,Albania,Kategoria e Parë,2,2.25,9.083333333333334,24.916666666666668,1211666.6666666667
2,Algeria,Ligue 1,1,2.06,2.6875,26.6875,6056250.0
3,Andorra,Primera Divisió,1,2.85,18.8,21.4,2617000.0
4,Andorra,Segona Divisió,2,4.92,12.375,30.75,163750.0
5,Argentina,Torneo Apertura ,1,1.965,4.9,30.833333333333332,32348333.333333332
6,Argentina,Primera Nacional,2,1.81,0.0,29.25,3166111.111111111
7,Armenia,Premier League,1,2.54,13.4,27.2,5046000.0
8,Armenia,First League,2,3.27,4.375,27.4375,501874.9375
9,Australia,A-League Men,1,2.35,7.833333333333333,28.583333333333332,7319166.666666667
10,Australia,NPL Victoria,2,3.14,4.933333333333334,33.5,116666.66666666667
11,Austria,Bundesliga,1,2.75,12.666666666666666,28.583333333333332,30340833.333333332
12,Austria,2. Liga,2,2.77,7.6875,26.0,4488750.0
13,Azerbaijan,Premyer Liqa,1,2.53,13.333333333333334,25.666666666666668,10495833.333333334
14,Bangladesh,BFL ,1,2.4,4.8,32.9,1605999.9
15,Belarus,Vysheyshaya Liga,1,2.55,6.0625,24.5625,3895625.0
16,Belarus,Pershaya Liga,2,3.18,2.2222222222222223,26.72222222222222,1469444.4444444445
17,Belgium,Jupiler Pro League,1,2.51,18.0625,28.3125,61390625.0
18,Belgium,Challenger Pro League,2,2.76,12.764705882352942,28.58823529411765,8085294.117647059
19,Bhutan,Bhutan Premier League,1,4.43,4.7,29.8,177000.0
20,Bolivia,División Profesional,1,3.62,7.125,32.0,6150000.0
21,Bosnia-Herzegovina,Premijer Liga BiH,1,2.22,16.7,31.0,6020000.0
22,Bosnia-Herzegovina,Prva Liga RS,2,2.56,3.142857142857143,22.892857142857142,1341785.7142857143
23,Brazil,Série A,1,2.52,7.75,33.55,92500000.0
24,Brazil,Série B,2,2.22,3.35,33.2,12169000.0
25,Bulgaria,efbet Liga,1,2.4,13.0,26.625,12556250.0
26,Bulgaria,Vtora Liga,2,2.41,2.8823529411764706,23.941176470588236,2068235.294117647
27,Cambodia,C. Premier League,1,3.18,6.2727272727272725,29.181818181818183,1414545.4545454546
28,Canada,CanPL,1,3.01,9.125,25.375,2875000.0
29,Chile,Liga Primera,1,2.65,7.125,26.375,10623750.0
30,Chile,Liga de Ascenso,2,2.34,5.5,28.125,4543750.0
31,China,Super League,1,3.21,6.0625,31.375,8526875.0
32,China,League One,2,2.61,3.625,29.75,2564375.0
33,Chinese Taipei,Football Premier League,1,3.0,4.875,28.625,635000.0
34,Chinese Taipei,Football League Div.2,2,3.48,1.8571428571428572,18.0,3571.4285714285716
35,Colombia,Liga DIMAYOR II,1,2.34,3.4,29.8,9981500.0
36,Colombia,Torneo DIMAYOR II,2,2.375,1.375,32.4375,3179375.0
37,Costa Rica,Primera División Apertura,1,2.4,5.6,27.9,4455000.0
38,Croatia,SuperSport HNL,1,2.71,12.7,31.8,22522000.0
39,Croatia,Prva NL,2,2.13,4.75,28.916666666666668,2104166.6666666665
40,Cyprus,Cyprus League,1,2.57,19.571428571428573,29.642857142857142,10162857.142857144
41,Cyprus,2. Division,2,2.48,8.9375,28.125,59375.0
42,Czech Republic,Chance Liga,1,2.64,10.8125,29.5625,25185000.0
43,Czech Republic,ChNL,2,2.83,6.875,27.4375,4139999.9375
44,Denmark,Superliga,1,3.22,12.083333333333334,26.416666666666668,33420833.333333332
45,Denmark,1.Division,2,2.77,7.166666666666667,26.916666666666668,7127500.0
46,Dominican Republic,Liga Dominicana de Fútbol,1,2.81,7.0,22.8,60000.0
47,Ecuador,LigaPro Serie A,1,2.53,6.5,26.75,10739375.0
48,Ecuador,Liga Pro Serie B,2,2.22,4.416666666666667,25.916666666666668,2546666.6666666665
49,Egypt,Premier League,1,1.9,4.9523809523809526,32.666666666666664,8272857.142857143
50,El Salvador,Primera División Apertura,1,2.73,4.0,25.75,2223333.3333333335
51,England,Premier League,1,2.83,19.4,27.2,626500000.0
52,England,Championship,2,2.65,15.666666666666666,27.833333333333332,81250000.0
53,Estonia,Premium Liiga,1,3.18,6.2,25.2,2937000.0
54,Estonia,Esiliiga,2,3.77,1.8,22.2,2500.0
55,Ethiopia,Premier League,1,1.74,2.05,30.75,122500.0
56,Faroe Islands,Betri-deildin,1,3.63,5.2,27.2,1430000.0
57,Faroe Islands,1. deild,2,3.72,2.4,29.8,91500.0
58,Fiji,Fiji Premier League,1,3.49,2.6,34.9,1595000.0
59,Finland,Veikkausliiga,1,3.28,10.166666666666666,26.916666666666668,4091666.6666666665
60,Finland,Ykkösliiga,2,3.28,5.9,26.9,771000.0
61,France,Ligue 1,1,2.85,16.61111111111111,26.555555555555557,210555555.55555555
62,France,Ligue 2,2,2.53,9.722222222222221,26.055555555555557,19168333.333333332
63,Georgia,Erovnuli Liga,1,2.69,7.9,27.3,3805000.0
64,Georgia,Erovnuli Liga 2,2,2.57,4.8,28.9,163000.0
65,Germany,Bundesliga,1,3.16,17.055555555555557,29.11111111111111,267222222.2222222
66,Germany,2. Bundesliga,2,2.82,10.722222222222221,29.666666666666668,31268333.333333332
67,Ghana,Premier League,1,1.84,0.6111111111111112,34.0,1272222.2222222222
68,Gibraltar,Gibraltar Football League,1,3.62,16.083333333333332,25.833333333333332,947500.0
69,Greece,Super League 1,1,2.65,17.714285714285715,32.0,37523571.428571425
70,Greece,Super League 2,2,2.33,8.0,30.35,3894000.0
71,Guatemala,Liga Guate Apertura,1,2.43,6.916666666666667,27.916666666666668,2709166.5833333335
72,Honduras,Liga Nacional Apertura,1,3.2,4.909090909090909,29.09090909090909,2844545.4545454546
73,Hongkong,Hong Kong Premier League,1,2.81,10.8,30.7,2186000.0
74,Hongkong,Hong Kong First Division,2,3.84,2.857142857142857,26.857142857142858,714.2857142857143
75,Hungary,NB I.,1,3.06,10.833333333333334,28.833333333333332,12495833.333333334
76,Hungary,NB II.,2,2.52,2.0,26.4375,2314375.0
77,Iceland,Besta deild,1,3.23,4.916666666666667,25.666666666666668,2462500.0
78,Iceland,Lengjudeild,2,3.56,3.6666666666666665,26.083333333333332,820000.0
79,Indonesia,Super League,1,2.56,9.61111111111111,31.555555555555557,4396111.111111111
80,Indonesia,Championship,2,2.58,2.7,29.3,1426500.0
81,Iran,Persian Gulf League,1,1.76,2.5,31.3125,8451875.0
82,Iran,Azadegan League,2,1.5,0.0,32.888888888888886,2302777.777777778
83,Iraq,Iraq Stars League,1,2.35,6.55,26.75,4643000.0
84,Ireland,Premier Division,1,2.43,8.5,31.2,3240000.0
85,Ireland,First Division,2,2.8,3.8,31.1,95000.0
86,Israel,Ligat ha'Al,1,3.16,7.857142857142857,27.214285714285715,11162142.857142856
87,Israel,Liga Leumit,2,2.78,3.5625,28.375,2418750.0
88,Italy,Serie A,1,2.34,19.15,28.6,266000000.0
89,Italy,Serie B,2,2.52,7.95,29.6,25704000.0
90,Jamaica,Jamaica Premier League,1,2.68,3.4285714285714284,34.714285714285715,82142.85714285714
91,Japan,J1 League,1,2.4,5.1,35.4,15405000.0
92,Japan,J2 League,2,2.46,3.85,34.3,8545000.0
93,Jordan,Jordanian Pro League,1,2.59,3.6,28.6,3055000.0
94,Kazakhstan,Premier Liga,1,2.73,8.785714285714286,25.5,5925714.285714285
95,Kazakhstan,Pervaya Liga,2,3.5,0.0,29.0,496428.5714285714
96,"Korea, South",K League 1,1,2.54,4.666666666666667,38.666666666666664,10645833.333333334
97,"Korea, South",K League 2,2,2.51,4.285714285714286,37.5,5922142.857142857
98,Kosovo,Superliga e Kosovës,1,2.74,10.4,26.4,4789000.0
99,Kyrgyzstan,Kyrgyz Premier League,1,2.75,8.928571428571429,25.642857142857142,2402857.1428571427
100,Laos,Lao League 1,1,3.38,5.2,25.5,499000.0
101,Latvia,Virsliga,1,2.97,11.3,27.6,4983000.0
102,Latvia,Nakotnes Liga,2,3.32,2.9285714285714284,33.07142857142857,29285.714285714286
103,Lebanon,Lebanese Premier League,1,2.26,4.666666666666667,29.166666666666668,2992500.0
104,Libya,Libyan Premier League,1,2.35,6.472222222222222,24.47222222222222,2042500.0
105,Lithuania,A Lyga,1,2.66,13.1,27.1,4925000.0
106,Luxembourg,BGL Ligue,1,2.94,18.5,28.8125,1584375.0
107,Malaysia,Super League,1,3.49,10.76923076923077,29.53846153846154,4176153.846153846
108,Malta,Premier League Opening Round,1,2.63,13.5,24.333333333333332,3843333.3333333335
109,Malta,Challenge League,2,3.33,5.75,27.5,95625.0
110,Mexico,Liga MX Apertura,1,3.1,9.333333333333334,27.5,49915555.55555555
111,Mexico,Liga Expansión MX Ap.,2,3.05,2.4,26.6,6052000.0
112,Moldova,Super Liga,1,3.2,8.75,27.125,3715000.0
113,Montenegro,Meridianbet 1. CFL,1,2.51,4.8,27.0,2759000.0
114,Montenegro,2. CFL,2,2.42,3.4,24.0,17500.0
115,Morocco,Botola Pro Inwi,1,2.15,5.0625,29.875,8351250.0
116,Myanmar,Myanmar National League,1,3.68,2.0833333333333335,28.083333333333332,1291666.6666666667
117,Nepal,Nepal Super League,1,2.1,1.0,7.571428571428571,14285.714285714286
118,Netherlands,Eredivisie,1,3.26,13.5,28.666666666666668,70000000.0
119,Netherlands,Keuken Kampioen Divisie,2,3.31,9.55,27.7,7245000.0
120,New Zealand,National League Championship,1,3.44,7.2727272727272725,30.363636363636363,2520000.0
121,Nicaragua,Liga Primera Apertura,1,3.14,6.4,28.2,560000.0
122,Nigeria,NPFL,1,1.87,0.9,45.35,60000.0
123,North Macedonia,Prva liga,1,3.17,7.25,25.333333333333332,3437500.0
124,Northern Ireland,Premiership,1,2.76,8.25,26.166666666666668,2100833.3333333335
125,Northern Ireland,Championship ,2,2.94,3.1666666666666665,23.416666666666668,25833.333333333332
126,Norway,Eliteserien,1,3.18,8.0,26.4375,20318750.0
127,Norway,OBOS-ligaen,2,3.2,6.9375,24.6875,5347500.0
128,Oman,Jindal League,1,2.8,3.142857142857143,35.642857142857146,2905714.285714286
129,Panama,Liga Panameña Clausura,1,2.5,2.5833333333333335,25.416666666666668,3053333.3333333335
130,Paraguay,Primera División Apertura,1,2.38,4.833333333333333,31.25,10387500.0
131,Paraguay,División Intermedia,2,2.38,3.375,29.125,31250.0
132,Peru,Liga 1 Apertura,1,2.71,6.526315789473684,27.63157894736842,7192631.578947368
133,Peru,Liga 2,2,2.45,4.266666666666667,28.333333333333332,2736000.0
134,Philippines,PFL,1,5.04,11.636363636363637,29.363636363636363,1199090.9090909092
135,Poland,Ekstraklasa,1,2.88,14.0,29.22222222222222,20973888.888888888
136,Poland,Betclic 1 Liga,2,3.03,7.0,29.333333333333332,4396666.666666667
137,Portugal,Liga Portugal,1,2.66,18.77777777777778,27.0,99444444.44444445
138,Portugal,Liga Portugal 2,2,2.48,15.88888888888889,29.444444444444443,11079444.444444444
139,Puerto Rico,Liga Puerto Rico Apertura,1,5.34,7.6,39.5,15000.0
140,Qatar,Stars League,1,3.42,14.5,29.666666666666668,33808333.333333336
141,Qatar,Qatari Second Division,2,3.17,16.75,25.25,3681250.0
142,Romania,SuperLiga,1,2.52,12.875,31.375,15468750.0
143,Romania,Liga 2,2,2.7,5.181818181818182,29.772727272727273,2610000.0
144,Russia,Premier Liga,1,2.53,11.0625,28.3125,65000000.0
145,Russia,1.Division,2,2.27,3.2777777777777777,26.77777777777778,7825555.555555556
146,San Marino,Camp. Sammarinese,1,2.65,17.1875,23.625,728125.0
147,Saudi Arabia,Saudi Pro League,1,3.14,10.166666666666666,27.11111111111111,59444444.44444445
148,Saudi Arabia,Saudi First Division League,2,2.59,5.444444444444445,26.666666666666668,4486111.111111111
149,Scotland,Premiership,1,2.57,17.333333333333332,26.916666666666668,27975000.0
150,Scotland,Championship,2,2.51,6.9,24.5,2972000.0
151,Serbia,Super liga Srbije,1,2.74,10.0,30.125,18734375.0
152,Serbia,Prva liga Srbije,2,2.34,5.625,29.6875,3343750.0
153,Singapore,Premier League,1,3.63,9.625,24.125,2417500.0
154,Singapore,Premier League 2,2,3.72,1.75,19.0,31875.0
155,Slovakia,Niké Liga,1,2.93,13.583333333333334,27.416666666666668,8610833.333333334
156,Slovakia,II. Liga,2,3.15,5.8125,25.1875,1219375.0
157,Slovenia,Prva Liga,1,3.09,12.8,28.5,7105000.0
158,Slovenia,Druga Liga,2,2.92,7.4375,24.875,1434375.0
159,South Africa,Betway Premiership,1,1.93,5.0,35.8125,9695625.0
160,Spain,LaLiga,1,2.56,10.8,25.05,272500000.0
161,Spain,LaLiga2,2,2.51,6.909090909090909,25.363636363636363,22397727.272727273
162,Sweden,Allsvenskan,1,2.85,11.3125,30.75,17515625.0
163,Sweden,Superettan,2,2.86,6.0625,25.3125,4700625.0
164,Switzerland,Super League,1,3.28,15.166666666666666,28.333333333333332,32962500.0
165,Switzerland,Challenge League,2,2.79,11.8,26.4,4920000.0
166,Tajikistan,Vysshaya Liga,1,2.56,7.333333333333333,22.833333333333332,1990833.3333333333
167,Thailand,Thai League,1,2.8,10.375,30.8125,5103125.0
168,Thailand,Thai League 2,2,2.76,4.611111111111111,30.333333333333332,1641666.6666666667
169,Tunisia,Ligue 1,1,1.81,6.5,34.125,5859375.0
170,Türkiye,Süper Lig,1,2.6,14.444444444444445,28.666666666666668,71111111.1111111
171,Türkiye,1.Lig,2,2.94,7.75,27.0,7284000.0
172,Uganda,Uganda Premier League,1,2.39,1.4375,28.3125,126874.9375
173,Ukraine,Premier Liga,1,2.6,7.125,27.75,25565625.0
174,Ukraine,Persha Liga,2,2.29,1.5625,26.5625,2706250.0
175,United Arab Emirates,UAE Pro League,1,2.52,16.142857142857142,29.714285714285715,24783571.42857143
176,United States,MLS,1,3.0,17.833333333333332,30.7,45333333.333333336
177,United States,USLC,2,2.7,11.166666666666666,21.916666666666668,3484166.6666666665
178,Uruguay,Liga AUF Apertura,1,2.3833333333333333,4.9375,28.8125,11004375.0
179,Uruguay,Torneo Competencia,2,2.18,4.571428571428571,33.07142857142857,3900000.0
180,Uzbekistan,Superliga,1,2.52,4.4375,27.0625,5633125.0
181,Uzbekistan,Uzbekistan Pro Liga,2,2.67,0.6666666666666666,26.833333333333332,1575000.0
182,Venezuela,Liga FUTVE Apertura,1,2.335,5.714285714285714,29.0,5883571.428571428
183,Venezuela,Liga FUTVE 2,2,2.39,2.875,29.0,1972500.0
184,Vietnam,V.League 1,1,2.67,6.071428571428571,31.428571428571427,4110714.285714286
185,Wales,Cymru Premier,1,3.16,8.083333333333334,22.916666666666668,1181666.6666666667
186,Wales,Cymru South,2,3.25,6.3125,23.75,3906.25
