,Country,League_name,League_tier,Goals_per_match,Foreign_Player_Shaer,Players_per_club,Value_per_club
0,Albania,Kategoria Superiore,First Tier,2.02,0.48880597014925375,26.8,4841000.0
1,Albania,Kategoria e Parë,Second Tier,2.25,0.36454849498327757,24.916666666666668,1211666.6666666667
2,Algeria,Ligue 1,First Tier,2.06,0.10070257611241218,26.6875,6056250.0
3,Andorra,Primera Divisió,First Tier,2.85,0.8785046728971962,21.4,2617000.0
4,Andorra,Segona Divisió,Second Tier,4.92,0.4024390243902439,30.75,163750.0
5,Argentina,Torneo Apertura ,First Tier,1.965,0.1589189189189189,30.833333333333332,32348333.333333332
6,Argentina,Primera Nacional,Second Tier,1.81,0.0,29.25,3166111.111111111
7,Armenia,Premier League,First Tier,2.54,0.49264705882352944,27.2,5046000.0
8,Armenia,First League,Second Tier,3.27,0.15945330296127563,27.4375,501874.9375
9,Australia,A-League Men,First Tier,2.35,0.27405247813411077,28.583333333333332,7319166.666666667
10,Australia,NPL Victoria,Second Tier,3.14,0.1472636815920398,33.5,116666.66666666667
11,Austria,Bundesliga,First Tier,2.75,0.44314868804664725,28.583333333333332,30340833.333333332
12,Austria,2. Liga,Second Tier,2.77,0.2956730769230769,26.0,4488750.0
13,Azerbaijan,Premyer Liqa,First Tier,2.53,0.5194805194805194,25.666666666666668,10495833.333333334
14,Bangladesh,BFL ,First Tier,2.4,0.1458966565349544,32.9,1605999.9
15,Belarus,Vysheyshaya Liga,First Tier,2.55,0.24681933842239187,24.5625,3895625.0
16,Belarus,Pershaya Liga,Second Tier,3.18,0.08316008316008316,26.72222222222222,1469444.4444444445
17,Belgium,Jupiler Pro League,First Tier,2.51,0.6379690949227373,28.3125,61390625.0
18,Belgium,Challenger Pro League,Second Tier,2.76,0.44650205761316875,28.58823529411765,8085294.117647059
19,Bhutan,Bhutan Premier League,First Tier,4.43,0.15771812080536912,29.8,177000.0
20,Bolivia,División Profesional,First Tier,3.62,0.22265625,32.0,6150000.0
21,Bosnia-Herzegovina,Premijer Liga BiH,First Tier,2.22,0.5387096774193548,31.0,6020000.0
22,Bosnia-Herzegovina,Prva Liga RS,Second Tier,2.56,0.1372854914196568,22.892857142857142,1341785.7142857143
23,Brazil,Série A,First Tier,2.52,0.23099850968703428,33.55,92500000.0
24,Brazil,Série B,Second Tier,2.22,0.10090361445783133,33.2,12169000.0
25,Bulgaria,efbet Liga,First Tier,2.4,0.48826291079812206,26.625,12556250.0
26,Bulgaria,Vtora Liga,Second Tier,2.41,0.12039312039312039,23.941176470588236,2068235.294117647
27,Cambodia,C. Premier League,First Tier,3.18,0.21495327102803738,29.181818181818183,1414545.4545454546
28,Canada,CanPL,First Tier,3.01,0.35960591133004927,25.375,2875000.0
29,Chile,Liga Primera,First Tier,2.65,0.27014218009478674,26.375,10623750.0
30,Chile,Liga de Ascenso,Second Tier,2.34,0.19555555555555557,28.125,4543750.0
31,China,Super League,First Tier,3.21,0.19322709163346613,31.375,8526875.0
32,China,League One,Second Tier,2.61,0.12184873949579832,29.75,2564375.0
33,Chinese Taipei,Football Premier League,First Tier,3.0,0.1703056768558952,28.625,635000.0
34,Chinese Taipei,Football League Div.2,Second Tier,3.48,0.10317460317460317,18.0,3571.4285714285716
35,Colombia,Liga DIMAYOR II,First Tier,2.34,0.11409395973154363,29.8,9981500.0
36,Colombia,Torneo DIMAYOR II,Second Tier,2.375,0.04238921001926782,32.4375,3179375.0
37,Costa Rica,Primera División Apertura,First Tier,2.4,0.2007168458781362,27.9,4455000.0
38,Croatia,SuperSport HNL,First Tier,2.71,0.39937106918238996,31.8,22522000.0
39,Croatia,Prva NL,Second Tier,2.13,0.1642651296829971,28.916666666666668,2104166.6666666665
40,Cyprus,Cyprus League,First Tier,2.57,0.6602409638554216,29.642857142857142,10162857.142857144
41,Cyprus,2. Division,Second Tier,2.48,0.31777777777777777,28.125,59375.0
42,Czech Republic,Chance Liga,First Tier,2.64,0.3657505285412262,29.5625,25185000.0
43,Czech Republic,ChNL,Second Tier,2.83,0.2505694760820046,27.4375,4139999.9375
44,Denmark,Superliga,First Tier,3.22,0.45741324921135645,26.416666666666668,33420833.333333332
45,Denmark,1.Division,Second Tier,2.77,0.26625386996904027,26.916666666666668,7127500.0
46,Dominican Republic,Liga Dominicana de Fútbol,First Tier,2.81,0.30701754385964913,22.8,60000.0
47,Ecuador,LigaPro Serie A,First Tier,2.53,0.24299065420560748,26.75,10739375.0
48,Ecuador,Liga Pro Serie B,Second Tier,2.22,0.17041800643086816,25.916666666666668,2546666.6666666665
49,Egypt,Premier League,First Tier,1.9,0.15160349854227406,32.666666666666664,8272857.142857143
50,El Salvador,Primera División Apertura,First Tier,2.73,0.1553398058252427,25.75,2223333.3333333335
51,England,Premier League,First Tier,2.83,0.7132352941176471,27.2,626500000.0
52,England,Championship,Second Tier,2.65,0.562874251497006,27.833333333333332,81250000.0
53,Estonia,Premium Liiga,First Tier,3.18,0.24603174603174602,25.2,2937000.0
54,Estonia,Esiliiga,Second Tier,3.77,0.08108108108108109,22.2,2500.0
55,Ethiopia,Premier League,First Tier,1.74,0.06666666666666667,30.75,122500.0
56,Faroe Islands,Betri-deildin,First Tier,3.63,0.19117647058823528,27.2,1430000.0
57,Faroe Islands,1. deild,Second Tier,3.72,0.08053691275167785,29.8,91500.0
58,Fiji,Fiji Premier League,First Tier,3.49,0.07449856733524356,34.9,1595000.0
59,Finland,Veikkausliiga,First Tier,3.28,0.37770897832817335,26.916666666666668,4091666.6666666665
60,Finland,Ykkösliiga,Second Tier,3.28,0.21933085501858737,26.9,771000.0
61,France,Ligue 1,First Tier,2.85,0.6255230125523012,26.555555555555557,210555555.55555555
62,France,Ligue 2,Second Tier,2.53,0.373134328358209,26.055555555555557,19168333.333333332
63,Georgia,Erovnuli Liga,First Tier,2.69,0.2893772893772894,27.3,3805000.0
64,Georgia,Erovnuli Liga 2,Second Tier,2.57,0.16608996539792387,28.9,163000.0
65,Germany,Bundesliga,First Tier,3.16,0.5858778625954199,29.11111111111111,267222222.2222222
66,Germany,2. Bundesliga,Second Tier,2.82,0.36142322097378277,29.666666666666668,31268333.333333332
67,Ghana,Premier League,First Tier,1.84,0.017973856209150325,34.0,1272222.2222222222
68,Gibraltar,Gibraltar Football League,First Tier,3.62,0.6225806451612903,25.833333333333332,947500.0
69,Greece,Super League 1,First Tier,2.65,0.5535714285714286,32.0,37523571.428571425
70,Greece,Super League 2,Second Tier,2.33,0.26359143327841844,30.35,3894000.0
71,Guatemala,Liga Guate Apertura,First Tier,2.43,0.24776119402985075,27.916666666666668,2709166.5833333335
72,Honduras,Liga Nacional Apertura,First Tier,3.2,0.16875,29.09090909090909,2844545.4545454546
73,Hongkong,Hong Kong Premier League,First Tier,2.81,0.3517915309446254,30.7,2186000.0
74,Hongkong,Hong Kong First Division,Second Tier,3.84,0.10638297872340426,26.857142857142858,714.2857142857143
75,Hungary,NB I.,First Tier,3.06,0.37572254335260113,28.833333333333332,12495833.333333334
76,Hungary,NB II.,Second Tier,2.52,0.07565011820330969,26.4375,2314375.0
77,Iceland,Besta deild,First Tier,3.23,0.19155844155844157,25.666666666666668,2462500.0
78,Iceland,Lengjudeild,Second Tier,3.56,0.14057507987220447,26.083333333333332,820000.0
79,Indonesia,Super League,First Tier,2.56,0.3045774647887324,31.555555555555557,4396111.111111111
80,Indonesia,Championship,Second Tier,2.58,0.09215017064846416,29.3,1426500.0
81,Iran,Persian Gulf League,First Tier,1.76,0.07984031936127745,31.3125,8451875.0
82,Iran,Azadegan League,Second Tier,1.5,0.0,32.888888888888886,2302777.777777778
83,Iraq,Iraq Stars League,First Tier,2.35,0.24485981308411214,26.75,4643000.0
84,Ireland,Premier Division,First Tier,2.43,0.2724358974358974,31.2,3240000.0
85,Ireland,First Division,Second Tier,2.8,0.12218649517684887,31.1,95000.0
86,Israel,Ligat ha'Al,First Tier,3.16,0.2887139107611549,27.214285714285715,11162142.857142856
87,Israel,Liga Leumit,Second Tier,2.78,0.12555066079295155,28.375,2418750.0
88,Italy,Serie A,First Tier,2.34,0.6695804195804196,28.6,266000000.0
89,Italy,Serie B,Second Tier,2.52,0.2685810810810811,29.6,25704000.0
90,Jamaica,Jamaica Premier League,First Tier,2.68,0.09876543209876543,34.714285714285715,82142.85714285714
91,Japan,J1 League,First Tier,2.4,0.1440677966101695,35.4,15405000.0
92,Japan,J2 League,Second Tier,2.46,0.11224489795918367,34.3,8545000.0
93,Jordan,Jordanian Pro League,First Tier,2.59,0.1258741258741259,28.6,3055000.0
94,Kazakhstan,Premier Liga,First Tier,2.73,0.3445378151260504,25.5,5925714.285714285
95,Kazakhstan,Pervaya Liga,Second Tier,3.5,0.0,29.0,496428.5714285714
96,"Korea, South",K League 1,First Tier,2.54,0.1206896551724138,38.666666666666664,10645833.333333334
97,"Korea, South",K League 2,Second Tier,2.51,0.11428571428571428,37.5,5922142.857142857
98,Kosovo,Superliga e Kosovës,First Tier,2.74,0.3939393939393939,26.4,4789000.0
99,Kyrgyzstan,Kyrgyz Premier League,First Tier,2.75,0.34818941504178275,25.642857142857142,2402857.1428571427
100,Laos,Lao League 1,First Tier,3.38,0.20392156862745098,25.5,499000.0
101,Latvia,Virsliga,First Tier,2.97,0.40942028985507245,27.6,4983000.0
102,Latvia,Nakotnes Liga,Second Tier,3.32,0.08855291576673865,33.07142857142857,29285.714285714286
103,Lebanon,Lebanese Premier League,First Tier,2.26,0.16,29.166666666666668,2992500.0
104,Libya,Libyan Premier League,First Tier,2.35,0.264472190692395,24.47222222222222,2042500.0
105,Lithuania,A Lyga,First Tier,2.66,0.4833948339483395,27.1,4925000.0
106,Luxembourg,BGL Ligue,First Tier,2.94,0.6420824295010846,28.8125,1584375.0
107,Malaysia,Super League,First Tier,3.49,0.3645833333333333,29.53846153846154,4176153.846153846
108,Malta,Premier League Opening Round,First Tier,2.63,0.5547945205479452,24.333333333333332,3843333.3333333335
109,Malta,Challenge League,Second Tier,3.33,0.20909090909090908,27.5,95625.0
110,Mexico,Liga MX Apertura,First Tier,3.1,0.3393939393939394,27.5,49915555.55555555
111,Mexico,Liga Expansión MX Ap.,Second Tier,3.05,0.09022556390977443,26.6,6052000.0
112,Moldova,Super Liga,First Tier,3.2,0.3225806451612903,27.125,3715000.0
113,Montenegro,Meridianbet 1. CFL,First Tier,2.51,0.17777777777777778,27.0,2759000.0
114,Montenegro,2. CFL,Second Tier,2.42,0.14166666666666666,24.0,17500.0
115,Morocco,Botola Pro Inwi,First Tier,2.15,0.1694560669456067,29.875,8351250.0
116,Myanmar,Myanmar National League,First Tier,3.68,0.07418397626112759,28.083333333333332,1291666.6666666667
117,Nepal,Nepal Super League,First Tier,2.1,0.1320754716981132,7.571428571428571,14285.714285714286
118,Netherlands,Eredivisie,First Tier,3.26,0.47093023255813954,28.666666666666668,70000000.0
119,Netherlands,Keuken Kampioen Divisie,Second Tier,3.31,0.3447653429602888,27.7,7245000.0
120,New Zealand,National League Championship,First Tier,3.44,0.23952095808383234,30.363636363636363,2520000.0
121,Nicaragua,Liga Primera Apertura,First Tier,3.14,0.22695035460992907,28.2,560000.0
122,Nigeria,NPFL,First Tier,1.87,0.019845644983461964,45.35,60000.0
123,North Macedonia,Prva liga,First Tier,3.17,0.28618421052631576,25.333333333333332,3437500.0
124,Northern Ireland,Premiership,First Tier,2.76,0.31528662420382164,26.166666666666668,2100833.3333333335
125,Northern Ireland,Championship ,Second Tier,2.94,0.13523131672597866,23.416666666666668,25833.333333333332
126,Norway,Eliteserien,First Tier,3.18,0.30260047281323876,26.4375,20318750.0
127,Norway,OBOS-ligaen,Second Tier,3.2,0.2810126582278481,24.6875,5347500.0
128,Oman,Jindal League,First Tier,2.8,0.08817635270541083,35.642857142857146,2905714.285714286
129,Panama,Liga Panameña Clausura,First Tier,2.5,0.10163934426229508,25.416666666666668,3053333.3333333335
130,Paraguay,Primera División Apertura,First Tier,2.38,0.15466666666666667,31.25,10387500.0
131,Paraguay,División Intermedia,Second Tier,2.38,0.11587982832618025,29.125,31250.0
132,Peru,Liga 1 Apertura,First Tier,2.71,0.2361904761904762,27.63157894736842,7192631.578947368
133,Peru,Liga 2,Second Tier,2.45,0.15058823529411763,28.333333333333332,2736000.0
134,Philippines,PFL,First Tier,5.04,0.39628482972136225,29.363636363636363,1199090.9090909092
135,Poland,Ekstraklasa,First Tier,2.88,0.4790874524714829,29.22222222222222,20973888.888888888
136,Poland,Betclic 1 Liga,Second Tier,3.03,0.23863636363636365,29.333333333333332,4396666.666666667
137,Portugal,Liga Portugal,First Tier,2.66,0.6954732510288066,27.0,99444444.44444445
138,Portugal,Liga Portugal 2,Second Tier,2.48,0.539622641509434,29.444444444444443,11079444.444444444
139,Puerto Rico,Liga Puerto Rico Apertura,First Tier,5.34,0.19240506329113924,39.5,15000.0
140,Qatar,Stars League,First Tier,3.42,0.4887640449438202,29.666666666666668,33808333.333333336
141,Qatar,Qatari Second Division,Second Tier,3.17,0.6633663366336634,25.25,3681250.0
142,Romania,SuperLiga,First Tier,2.52,0.4103585657370518,31.375,15468750.0
143,Romania,Liga 2,Second Tier,2.7,0.17404580152671756,29.772727272727273,2610000.0
144,Russia,Premier Liga,First Tier,2.53,0.39072847682119205,28.3125,65000000.0
145,Russia,1.Division,Second Tier,2.27,0.12240663900414937,26.77777777777778,7825555.555555556
146,San Marino,Camp. Sammarinese,First Tier,2.65,0.7275132275132276,23.625,728125.0
147,Saudi Arabia,Saudi Pro League,First Tier,3.14,0.375,27.11111111111111,59444444.44444445
148,Saudi Arabia,Saudi First Division League,Second Tier,2.59,0.20416666666666666,26.666666666666668,4486111.111111111
149,Scotland,Premiership,First Tier,2.57,0.6439628482972136,26.916666666666668,27975000.0
150,Scotland,Championship,Second Tier,2.51,0.2816326530612245,24.5,2972000.0
151,Serbia,Super liga Srbije,First Tier,2.74,0.33195020746887965,30.125,18734375.0
152,Serbia,Prva liga Srbije,Second Tier,2.34,0.18947368421052632,29.6875,3343750.0
153,Singapore,Premier League,First Tier,3.63,0.39896373056994816,24.125,2417500.0
154,Singapore,Premier League 2,Second Tier,3.72,0.09210526315789473,19.0,31875.0
155,Slovakia,Niké Liga,First Tier,2.93,0.49544072948328266,27.416666666666668,8610833.333333334
156,Slovakia,II. Liga,Second Tier,3.15,0.23076923076923078,25.1875,1219375.0
157,Slovenia,Prva Liga,First Tier,3.09,0.44912280701754387,28.5,7105000.0
158,Slovenia,Druga Liga,Second Tier,2.92,0.2989949748743719,24.875,1434375.0
159,South Africa,Betway Premiership,First Tier,1.93,0.13961605584642234,35.8125,9695625.0
160,Spain,LaLiga,First Tier,2.56,0.4311377245508982,25.05,272500000.0
161,Spain,LaLiga2,Second Tier,2.51,0.2724014336917563,25.363636363636363,22397727.272727273
162,Sweden,Allsvenskan,First Tier,2.85,0.3678861788617886,30.75,17515625.0
163,Sweden,Superettan,Second Tier,2.86,0.23950617283950618,25.3125,4700625.0
164,Switzerland,Super League,First Tier,3.28,0.5352941176470588,28.333333333333332,32962500.0
165,Switzerland,Challenge League,Second Tier,2.79,0.44696969696969696,26.4,4920000.0
166,Tajikistan,Vysshaya Liga,First Tier,2.56,0.32116788321167883,22.833333333333332,1990833.3333333333
167,Thailand,Thai League,First Tier,2.8,0.3367139959432049,30.8125,5103125.0
168,Thailand,Thai League 2,Second Tier,2.76,0.152014652014652,30.333333333333332,1641666.6666666667
169,Tunisia,Ligue 1,First Tier,1.81,0.19047619047619047,34.125,5859375.0
170,Türkiye,Süper Lig,First Tier,2.6,0.5038759689922481,28.666666666666668,71111111.1111111
171,Türkiye,1.Lig,Second Tier,2.94,0.28703703703703703,27.0,7284000.0
172,Uganda,Uganda Premier League,First Tier,2.39,0.05077262693156733,28.3125,126874.9375
173,Ukraine,Premier Liga,First Tier,2.6,0.25675675675675674,27.75,25565625.0
174,Ukraine,Persha Liga,Second Tier,2.29,0.058823529411764705,26.5625,2706250.0
175,United Arab Emirates,UAE Pro League,First Tier,2.52,0.5432692307692307,29.714285714285715,24783571.42857143
176,United States,MLS,First Tier,3.0,0.5808903365906624,30.7,45333333.333333336
177,United States,USLC,Second Tier,2.7,0.5095057034220533,21.916666666666668,3484166.6666666665
178,Uruguay,Liga AUF Apertura,First Tier,2.3833333333333333,0.17136659436008678,28.8125,11004375.0
179,Uruguay,Torneo Competencia,Second Tier,2.18,0.13822894168466524,33.07142857142857,3900000.0
180,Uzbekistan,Superliga,First Tier,2.52,0.16397228637413394,27.0625,5633125.0
181,Uzbekistan,Uzbekistan Pro Liga,Second Tier,2.67,0.024844720496894408,26.833333333333332,1575000.0
182,Venezuela,Liga FUTVE Apertura,First Tier,2.335,0.19704433497536947,29.0,5883571.428571428
183,Venezuela,Liga FUTVE 2,Second Tier,2.39,0.09913793103448276,29.0,1972500.0
184,Vietnam,V.League 1,First Tier,2.67,0.19318181818181818,31.428571428571427,4110714.285714286
185,Wales,Cymru Premier,First Tier,3.16,0.3527272727272727,22.916666666666668,1181666.6666666667
186,Wales,Cymru South,Second Tier,3.25,0.2657894736842105,23.75,3906.25
