,League_name,League_tier,Country,Club_no,Players_no,Foreigners,Goals_per_match,Total_value
0,Premier League,First Tier,England,20,544,388,2.83,12530000000.0
1,LaLiga,First Tier,Spain,20,501,216,2.56,5450000000.0
2,Serie A,First Tier,Italy,20,572,383,2.34,5320000000.0
3,Bundesliga,First Tier,Germany,18,524,307,3.16,4810000000.0
4,Ligue 1,First Tier,France,18,478,299,2.85,3790000000.0
5,Liga Portugal,First Tier,Portugal,18,486,338,2.66,1790000000.0
6,Süper Lig,First Tier,Türkiye,18,516,260,2.60,1280000000.0
7,Eredivisie,First Tier,Netherlands,18,516,243,3.26,1260000000.0
8,Premier Liga,First Tier,Russia,16,453,177,2.53,1040000000.0
9,Jupiler Pro League,First Tier,Belgium,16,453,289,2.51,982250000.0
10,Super League 1,First Tier,Greece,14,448,248,2.65,525330000.0
11,Premier Liga,First Tier,Ukraine,16,444,114,2.60,409050000.0
12,Chance Liga,First Tier,Czech Republic,16,473,173,2.64,402960000.0
13,Superliga,First Tier,Denmark,12,317,145,3.22,401050000.0
14,Super League,First Tier,Switzerland,12,340,182,3.28,395550000.0
15,Ekstraklasa,First Tier,Poland,18,526,252,2.88,377530000.0
16,Bundesliga,First Tier,Austria,12,343,152,2.75,364090000.0
17,Premiership,First Tier,Scotland,12,323,208,2.57,335700000.0
18,Eliteserien,First Tier,Norway,16,423,128,3.18,325100000.0
19,Super liga Srbije,First Tier,Serbia,16,482,160,2.74,299750000.0
20,Allsvenskan,First Tier,Sweden,16,492,181,2.85,280250000.0
21,SuperLiga,First Tier,Romania,16,502,206,2.52,247500000.0
22,SuperSport HNL,First Tier,Croatia,10,318,127,2.71,225220000.0
23,efbet Liga,First Tier,Bulgaria,16,426,208,2.40,200900000.0
24,Ligat ha'Al,First Tier,Israel,14,381,110,3.16,156270000.0
25,NB I.,First Tier,Hungary,12,346,130,3.06,149950000.0
26,Cyprus League,First Tier,Cyprus,14,415,274,2.57,142280000.0
27,Premyer Liqa,First Tier,Azerbaijan,12,308,160,2.53,125950000.0
28,Niké Liga,First Tier,Slovakia,12,329,163,2.93,103330000.0
29,Premier Liga,First Tier,Kazakhstan,14,357,123,2.73,82960000.0
30,Prva Liga,First Tier,Slovenia,10,285,128,3.09,71050000.0
31,Vysheyshaya Liga,First Tier,Belarus,16,393,97,2.55,62330000.0
32,Premijer Liga BiH,First Tier,Bosnia-Herzegovina,10,310,167,2.22,60200000.0
33,Premier League,First Tier,Armenia,10,272,134,2.54,50460000.0
34,Virsliga,First Tier,Latvia,10,276,113,2.97,49830000.0
35,A Lyga,First Tier,Lithuania,10,271,131,2.66,49250000.0
36,Veikkausliiga,First Tier,Finland,12,323,122,3.28,49100000.0
37,Kategoria Superiore,First Tier,Albania,10,268,131,2.02,48410000.0
38,Superliga e Kosovës,First Tier,Kosovo,10,264,104,2.74,47890000.0
39,Premier League Opening Round,First Tier,Malta,12,292,162,2.63,46120000.0
40,Prva liga,First Tier,North Macedonia,12,304,87,3.17,41250000.0
41,Erovnuli Liga,First Tier,Georgia,10,273,79,2.69,38050000.0
42,Premier Division,First Tier,Ireland,10,312,85,2.43,32400000.0
43,Super Liga,First Tier,Moldova,8,217,70,3.20,29720000.0
44,Besta deild,First Tier,Iceland,12,308,59,3.23,29550000.0
45,Premium Liiga,First Tier,Estonia,10,252,62,3.18,29370000.0
46,Meridianbet 1. CFL,First Tier,Montenegro,10,270,48,2.51,27590000.0
47,Primera Divisió,First Tier,Andorra,10,214,188,2.85,26170000.0
48,BGL Ligue,First Tier,Luxembourg,16,461,296,2.94,25350000.0
49,Premiership,First Tier,Northern Ireland,12,314,99,2.76,25210000.0
50,Betri-deildin,First Tier,Faroe Islands,10,272,52,3.63,14300000.0
51,Cymru Premier,First Tier,Wales,12,275,97,3.16,14180000.0
52,Camp. Sammarinese,First Tier,San Marino,16,378,275,2.65,11650000.0
53,Gibraltar Football League,First Tier,Gibraltar,12,310,193,3.62,11370000.0
54,Gozo League,First Tier,Malta,7,214,55,3.65,
55,Championship,Second Tier,England,24,668,376,2.65,1950000000.0
56,2. Bundesliga,Second Tier,Germany,18,534,193,2.82,562830000.0
57,Serie B,Second Tier,Italy,20,592,159,2.52,514080000.0
58,LaLiga2,Second Tier,Spain,22,558,152,2.51,492750000.0
59,Ligue 2,Second Tier,France,18,469,175,2.53,345030000.0
60,Liga Portugal 2,Second Tier,Portugal,18,530,286,2.48,199430000.0
61,1.Lig,Second Tier,Türkiye,20,540,155,2.94,145680000.0
62,Keuken Kampioen Divisie,Second Tier,Netherlands,20,554,191,3.31,144900000.0
63,1.Division,Second Tier,Russia,18,482,59,2.27,140860000.0
64,Challenger Pro League,Second Tier,Belgium,17,486,217,2.76,137450000.0
65,OBOS-ligaen,Second Tier,Norway,16,395,111,3.20,85560000.0
66,1.Division,Second Tier,Denmark,12,323,86,2.77,85530000.0
67,Betclic 1 Liga,Second Tier,Poland,18,528,126,3.03,79140000.0
68,Super League 2,Second Tier,Greece,20,607,160,2.33,77880000.0
69,Superettan,Second Tier,Sweden,16,405,97,2.86,75210000.0
70,2. Liga,Second Tier,Austria,16,416,123,2.77,71820000.0
71,ChNL,Second Tier,Czech Republic,16,439,110,2.83,66239999.0
72,Liga 2,Second Tier,Romania,22,655,114,2.70,57420000.0
73,Prva liga Srbije,Second Tier,Serbia,16,475,90,2.34,53500000.0
74,Challenge League,Second Tier,Switzerland,10,264,118,2.79,49200000.0
75,Persha Liga,Second Tier,Ukraine,16,425,25,2.29,43300000.0
76,Liga Leumit,Second Tier,Israel,16,454,57,2.78,38700000.0
77,NB II.,Second Tier,Hungary,16,423,32,2.52,37030000.0
78,Vtora Liga,Second Tier,Bulgaria,17,407,49,2.41,35160000.0
79,Championship,Second Tier,Scotland,10,245,69,2.51,29720000.0
80,Pershaya Liga,Second Tier,Belarus,18,481,40,3.18,26450000.0
81,Prva NL,Second Tier,Croatia,12,347,57,2.13,25250000.0
82,Druga Liga,Second Tier,Slovenia,16,398,119,2.92,22950000.0
83,Prva liga FBIH,Second Tier,Bosnia-Herzegovina,14,335,25,2.56,20630000.0
84,II. Liga,Second Tier,Slovakia,16,403,93,3.15,19510000.0
85,Prva Liga RS,Second Tier,Bosnia-Herzegovina,14,306,63,2.56,16940000.0
86,Kategoria e Parë,Second Tier,Albania,12,299,109,2.25,14540000.0
87,Lengjudeild,Second Tier,Iceland,12,313,44,3.56,9840000.0
88,First League,Second Tier,Armenia,16,439,70,3.27,8029999.0
89,Ykkösliiga,Second Tier,Finland,10,269,59,3.28,7710000.0
90,Pervaya Liga,Second Tier,Kazakhstan,14,406,0,3.50,6950000.0
91,Erovnuli Liga 2,Second Tier,Georgia,10,289,48,2.57,1630000.0
92,Challenge League,Second Tier,Malta,16,440,92,3.33,1530000.0
93,Segona Divisió,Second Tier,Andorra,8,246,99,4.92,1310000.0
94,2. Division,Second Tier,Cyprus,16,450,143,2.48,950000.0
95,First Division,Second Tier,Ireland,10,311,38,2.80,950000.0
96,1. deild,Second Tier,Faroe Islands,10,298,24,3.72,915000.0
97,Nakotnes Liga,Second Tier,Latvia,14,463,41,3.32,410000.0
98,Championship ,Second Tier,Northern Ireland,12,281,38,2.94,310000.0
99,2. CFL,Second Tier,Montenegro,10,240,34,2.42,175000.0
100,Cymru North,Second Tier,Wales,16,386,149,3.63,100000.0
101,Esiliiga,Second Tier,Estonia,10,222,18,3.77,25000.0
102,Cymru South,Second Tier,Wales,16,374,53,2.87,25000.0
103,Ehrenpromotion,Second Tier,Luxembourg,16,445,247,3.47,
104,Série A,First Tier,Brazil,20,671,155,2.52,1850000000.0
105,MLS,First Tier,United States,30,921,535,3.00,1360000000.0
106,Torneo Apertura ,First Tier,Argentina,30,925,147,2.00,970450000.0
107,Torneo Clausura,First Tier,Argentina,30,925,147,1.93,970450000.0
108,Liga MX Clausura,First Tier,Mexico,18,495,168,,898480000.0
109,Liga MX Apertura,First Tier,Mexico,18,495,168,3.10,898480000.0
110,Liguilla Apertura,First Tier,Mexico,10,269,96,3.71,648900000.0
111,Liga DIMAYOR II,First Tier,Colombia,20,596,68,2.49,199630000.0
112,Liga DIMAYOR I,First Tier,Colombia,20,596,68,2.19,199630000.0
113,Liga AUF Apertura,First Tier,Uruguay,16,461,79,2.27,176070000.0
114,Liga AUF Clausura,First Tier,Uruguay,16,461,79,2.29,176070000.0
115,Liga AUF Intermedio,First Tier,Uruguay,16,461,79,2.59,176070000.0
116,LigaPro Serie A,First Tier,Ecuador,16,428,104,2.53,171830000.0
117,Liga Primera,First Tier,Chile,16,422,114,2.65,169980000.0
118,Liga 1 Apertura,First Tier,Peru,19,525,124,2.71,136660000.0
119,Liga 1 Clausura,First Tier,Peru,18,516,122,2.55,135680000.0
120,Primera División Apertura,First Tier,Paraguay,12,375,58,2.18,124650000.0
121,Primera División Clausura,First Tier,Paraguay,12,375,58,2.58,124650000.0
122,División Profesional,First Tier,Bolivia,16,512,114,3.62,98400000.0
123,Liga FUTVE Apertura,First Tier,Venezuela,14,406,80,2.29,82370000.0
124,Liga FUTVE Clausura,First Tier,Venezuela,14,406,80,2.38,82370000.0
125,Primera División Apertura,First Tier,Costa Rica,10,279,56,2.40,44550000.0
126,Primera División Clausura,First Tier,Costa Rica,10,279,56,,44550000.0
127,Liga Panameña Clausura,First Tier,Panama,12,305,31,2.50,36640000.0
128,Liga Panameña Apertura,First Tier,Panama,12,286,32,2.33,35190000.0
129,Liga Guate Apertura,First Tier,Guatemala,12,335,83,2.43,32509999.0
130,Liga Guate Clausura,First Tier,Guatemala,12,335,83,,32509999.0
131,Liga Nacional Apertura,First Tier,Honduras,11,320,54,3.20,31290000.0
132,Primera División Apertura,First Tier,El Salvador,12,309,48,2.73,26680000.0
133,Primera División Clausura,First Tier,El Salvador,12,309,48,,26680000.0
134,CanPL,First Tier,Canada,8,203,73,3.01,23000000.0
135,Apertura Play-Off,First Tier,Costa Rica,4,112,21,3.17,22660000.0
136,Liga Primera Apertura,First Tier,Nicaragua,10,282,64,3.14,5600000.0
137,Jamaica Premier League,First Tier,Jamaica,14,486,48,2.68,1150000.0
138,Liga Dominicana de Fútbol,First Tier,Dominican Republic,10,228,70,2.81,600000.0
139,Liga Puerto Rico Apertura,First Tier,Puerto Rico,10,395,76,5.34,150000.0
140,Série B,Second Tier,Brazil,20,664,67,2.22,243380000.0
141,Primera Nacional,Second Tier,Argentina,36,1.053,0,1.81,113980000.0
142,Liga Expansión MX Cl.,Second Tier,Mexico,15,399,36,,90780000.0
143,Liga Expansión MX Ap.,Second Tier,Mexico,15,399,36,3.05,90780000.0
144,USLC,Second Tier,United States,24,526,268,2.70,83620000.0
145,Liga de Ascenso,Second Tier,Chile,16,450,88,2.34,72700000.0
146,Torneo Competencia,Second Tier,Uruguay,14,463,64,2.17,54600000.0
147,Segunda División,Second Tier,Uruguay,14,463,64,2.19,54600000.0
148,Liguilla de Expansión Apertura,Second Tier,Mexico,8,210,17,1.86,54280000.0
149,Torneo DIMAYOR II,Second Tier,Colombia,16,519,22,2.34,50870000.0
150,Torneo DIMAYOR I,Second Tier,Colombia,16,519,22,2.41,50870000.0
151,Liga 2,Second Tier,Peru,15,425,64,2.45,41040000.0
152,Liga FUTVE 2,Second Tier,Venezuela,16,464,46,2.39,31560000.0
153,Liga Pro Serie B,Second Tier,Ecuador,12,311,53,2.22,30560000.0
154,Copa Simón Bolívar (-2024),Second Tier,Bolivia,17,404,76,,11960000.0
155,División Intermedia,Second Tier,Paraguay,16,466,54,2.38,500000.0
156,Premier League,First Tier,Egypt,21,686,104,1.90,173730000.0
157,Betway Premiership,First Tier,South Africa,16,573,80,1.93,155130000.0
158,Botola Pro Inwi,First Tier,Morocco,16,478,81,2.15,133620000.0
159,Ligue 1,First Tier,Algeria,16,427,43,2.06,96900000.0
160,Ligue 1,First Tier,Tunisia,16,546,104,1.81,93750000.0
161,Libyan Premier League,First Tier,Libya,36,881,233,2.35,73530000.0
162,Premier League,First Tier,Ghana,18,612,11,1.84,22900000.0
163,Premier League,First Tier,Ethiopia,20,615,41,1.74,2450000.0
164,Uganda Premier League,First Tier,Uganda,16,453,23,2.39,2029999.0
165,NPFL,First Tier,Nigeria,20,907,18,1.87,1200000.0
166,Ligue 1,First Tier,Senegal,16,242,23,1.52,
167,D1 Comores,First Tier,Comoros,30,828,44,2.24,
168,Saudi Pro League,First Tier,Saudi Arabia,18,488,183,3.14,1070000000.0
169,Stars League,First Tier,Qatar,12,356,174,3.42,405700000.0
170,UAE Pro League,First Tier,United Arab Emirates,14,416,226,2.52,346970000.0
171,J1 League,First Tier,Japan,20,708,102,2.40,308100000.0
172,Super League,First Tier,China,16,502,97,3.21,136430000.0
173,Persian Gulf League,First Tier,Iran,16,501,40,1.76,135230000.0
174,K League 1,First Tier,"Korea, South",12,464,56,2.54,127750000.0
175,Iraq Stars League,First Tier,Iraq,20,535,131,2.35,92860000.0
176,Superliga,First Tier,Uzbekistan,16,433,71,2.52,90130000.0
177,A-League Men,First Tier,Australia,12,343,94,2.35,87830000.0
178,Thai League,First Tier,Thailand,16,493,166,2.80,81650000.0
179,Super League,First Tier,Indonesia,18,568,173,2.56,79130000.0
180,V.League 1,First Tier,Vietnam,14,440,85,2.67,57550000.0
181,Super League,First Tier,Malaysia,13,384,140,3.49,54290000.0
182,Indian Super League,First Tier,India,14,375,58,,40780000.0
183,Jindal League,First Tier,Oman,14,499,44,2.80,40680000.0
184,Lebanese Premier League,First Tier,Lebanon,12,350,56,2.26,35910000.0
185,Kyrgyz Premier League,First Tier,Kyrgyzstan,14,359,125,2.75,33640000.0
186,Jordanian Pro League,First Tier,Jordan,10,286,36,2.59,30550000.0
187,National League Championship,First Tier,New Zealand,11,334,80,3.44,27720000.0
188,Vysshaya Liga,First Tier,Tajikistan,12,274,88,2.56,23890000.0
189,National League - North,First Tier,New Zealand,12,336,92,3.30,22230000.0
190,Hong Kong Premier League,First Tier,Hongkong,10,307,108,2.81,21860000.0
191,Premier League,First Tier,Singapore,8,193,77,3.63,19340000.0
192,BFL ,First Tier,Bangladesh,10,329,48,2.40,16059999.0
193,Fiji Premier League,First Tier,Fiji,10,349,26,3.49,15950000.0
194,C. Premier League,First Tier,Cambodia,11,321,69,3.18,15560000.0
195,Myanmar National League,First Tier,Myanmar,12,337,25,3.68,15500000.0
196,PFL,First Tier,Philippines,11,323,128,5.04,13190000.0
197,National League - Central,First Tier,New Zealand,10,263,48,4.42,11910000.0
198,National League - South,First Tier,New Zealand,10,274,50,4.47,9650000.0
199,Football Premier League,First Tier,Chinese Taipei,8,229,39,3.00,5080000.0
200,Lao League 1,First Tier,Laos,10,255,52,3.38,4990000.0
201,Bhutan Premier League,First Tier,Bhutan,10,298,47,4.43,1770000.0
202,Nepal Super League,First Tier,Nepal,7,53,7,2.10,100000.0
203,J2 League,Second Tier,Japan,20,686,77,2.46,170900000.0
204,K League 2,Second Tier,"Korea, South",14,525,60,2.51,82910000.0
205,Saudi First Division League,Second Tier,Saudi Arabia,18,480,98,2.59,80750000.0
206,Azadegan League,Second Tier,Iran,18,592,0,1.50,41450000.0
207,League One,Second Tier,China,16,476,58,2.61,41030000.0
208,Thai League 2,Second Tier,Thailand,18,546,83,2.76,29550000.0
209,Qatari Second Division,Second Tier,Qatar,8,202,134,3.17,29450000.0
210,Championship,Second Tier,Indonesia,20,586,54,2.58,28530000.0
211,Uzbekistan Pro Liga,Second Tier,Uzbekistan,6,161,4,2.67,9450000.0
212,I-League,Second Tier,India,11,331,33,,8109999.0
213,NPL New South Wales,Second Tier,Australia,16,567,73,2.98,2400000.0
214,NPL Victoria,Second Tier,Australia,14,438,75,3.30,1100000.0
215,Premier League 2,Second Tier,Singapore,8,152,14,3.72,255000.0
216,Football League Div.2,Second Tier,Chinese Taipei,7,126,13,3.48,25000.0
217,Hong Kong First Division,Second Tier,Hongkong,14,376,40,3.84,10000.0
